{"cameraMode":{"drawMode":0,"name":"Shaded","section":"Shading Mode"},"sceneLighting":true,"audioPlay":false,"sceneViewState":{"m_AlwaysRefresh":false,"showFog":true,"showSkybox":true,"showFlares":true,"showImageEffects":true,"showParticleSystems":true,"showVisualEffectGraphs":true,"m_FxEnabled":true},"in2DMode":false,"pivot":{"x":-0.4260369837284088,"y":-5.664343357086182,"z":10.302186012268067},"rotation":{"x":-0.2568754255771637,"y":0.01217418909072876,"z":-0.0032356956508010628,"w":-0.9663606286048889},"size":10.449999809265137,"orthographic":false}