{"cameraMode":{"drawMode":0,"name":"Shaded","section":"Shading Mode"},"sceneLighting":true,"audioPlay":false,"sceneViewState":{"m_AlwaysRefresh":false,"showFog":true,"showSkybox":true,"showFlares":true,"showImageEffects":true,"showParticleSystems":true,"showVisualEffectGraphs":true,"m_FxEnabled":true},"in2DMode":false,"pivot":{"x":0.49219775199890139,"y":0.5312377214431763,"z":-0.8881391882896423},"rotation":{"x":-0.18659479916095735,"y":-0.08422863483428955,"z":0.01606888324022293,"w":-0.9786844849586487},"size":0.5082412958145142,"orthographic":false}