{"cameraMode":{"drawMode":0,"name":"Shaded","section":"Shading Mode"},"sceneLighting":true,"audioPlay":false,"sceneViewState":{"m_AlwaysRefresh":false,"showFog":true,"showSkybox":true,"showFlares":true,"showImageEffects":true,"showParticleSystems":true,"showVisualEffectGraphs":true,"m_FxEnabled":true},"in2DMode":false,"pivot":{"x":-12.490915298461914,"y":0.349402517080307,"z":-2.021526336669922},"rotation":{"x":-0.002534319879487157,"y":0.7606171369552612,"z":-0.002961864462122321,"w":-0.6491811275482178},"size":7.339249134063721,"orthographic":false}