{"cameraMode":{"drawMode":0,"name":"Shaded","section":"Shading Mode"},"sceneLighting":true,"audioPlay":false,"sceneViewState":{"m_AlwaysRefresh":false,"showFog":true,"showSkybox":true,"showFlares":true,"showImageEffects":true,"showParticleSystems":true,"showVisualEffectGraphs":true,"m_FxEnabled":true},"in2DMode":false,"pivot":{"x":-0.4010993242263794,"y":0.5305548906326294,"z":1.2198266983032227},"rotation":{"x":-0.06091943755745888,"y":0.9343960881233215,"z":-0.19507025182247163,"w":-0.2918088734149933},"size":1.2020995616912842,"orthographic":false}